pdb_id;experimental method;resolution;number of models;nbr of chain;chain:length;HETATM:Occ;chn:UniProtId:pos
1HHP;X-RAY DIFFRACTION;2.7;NA;1;A:99;NA;A:P03367:69-167
1HIH;X-RAY DIFFRACTION;2.2;NA;2;A:99/B:99;C20:1/BME:2;A:P03366:69-167
1HII;X-RAY DIFFRACTION;2.3;NA;2;A:99/B:99;SO4:2/C20:1;A:P04584:86-184
1HIV;X-RAY DIFFRACTION;2.0;NA;2;A:98/B:98;1ZK:1/CSO:2;A:P04585:57-155
1HPV;X-RAY DIFFRACTION;1.9;NA;2;A:99/B:99;478:1;A:P04587:69-167
1HSH;X-RAY DIFFRACTION;1.9;NA;4;A:99/B:99/C:99/D:99;MK1:2;A:P04584:86-184
1HSI;X-RAY DIFFRACTION;2.5;NA;2;A:99/B:99;NA;A:P04584:86-184
1IVP;X-RAY DIFFRACTION;2.5;NA;2;A:99/B:99;1ZK:1;A:P04584:86-184
1SDT;X-RAY DIFFRACTION;1.3;NA;2;A:99/B:99;MK1:1/CL:2;A:P03367:69-167
2HB3;X-RAY DIFFRACTION;1.35;NA;2;A:99/B:99;GOL:1/NA:2/CL:3/GRL:1;A:P03366:500-598
2HB4;X-RAY DIFFRACTION;2.15;NA;1;A:99;MG:1/PGR:3;A:P03367:500-598
2HPE;X-RAY DIFFRACTION;2.0;NA;3;A:99/B:99/S:0;NA;A:P04584:86-184
2HPF;X-RAY DIFFRACTION;3.0;NA;3;A:99/B:99/S:0;NA;A:P04584:86-184
2IEN;X-RAY DIFFRACTION;1.3;NA;2;A:99/B:99;GOL:2/NA:1/ACY:2/017:1/CL:2;A:P03368:500-598
2MIP;X-RAY DIFFRACTION;2.2;NA;8;A:99/B:99/C:99/D:99/E:6/F:6/G:6/H:6;NH2:4;A:P04584:86-184
2NPH;X-RAY DIFFRACTION;1.65;NA;4;A:99/B:99/S:4/T:5;NA;A:Q72874:1-99
2Z4O;X-RAY DIFFRACTION;1.6;NA;2;A:99/B:99;ACT:1/NA:1/CL:2/065:1;A:P03367:501-599
3EBZ;X-RAY DIFFRACTION;1.2;NA;2;A:99/B:99;IMD:6/ZN:9/NA:1/017:1/CL:8;A:P04584:514-612
3EC0;X-RAY DIFFRACTION;1.18;NA;2;A:99/B:99;IMD:6/ZN:10/NA:1/GRL:1/CL:8;A:P04584:514-612
3ECG;X-RAY DIFFRACTION;1.18;NA;2;A:99/B:99;IMD:6/ZN:11/NA:1/065:1/CL:9;A:P04584:514-612
3EKV;X-RAY DIFFRACTION;1.75;NA;2;A:99/B:99;478:1/ACT:4;A:P03369:491-589
3NU3;X-RAY DIFFRACTION;1.02;NA;2;A:99/B:99;GOL:2/478:1/NA:1/CL:3;A:P03366:501-599
3PHV;X-RAY DIFFRACTION;2.7;NA;1;A:99;NA;A:P04585:69-167
3S45;X-RAY DIFFRACTION;1.51;NA;2;A:99/B:99;IMD:6/ZN:7/478:1/NA:1/CL:8;A:Q9W9R3:1-99
4HLA;X-RAY DIFFRACTION;1.95;NA;2;A:99/B:99;017:1;A:P03367:501-599
4LL3;X-RAY DIFFRACTION;1.95;NA;2;A:99/B:99;017:2;A:Q9WFL7:7-105
