aligned.pos;pdb.1HHP_A.pos;nbr.AA;nbr.SL;neqAA;neqSL;SS;signif
1;1;1;0;1;0;-; 
2;2;1;0;1;0;-; 
3;3;3;5;2.48;2.79;s-l;*
4;4;2;5;2;3.02;s-l;*
5;5;1;3;1;2.3;s-l;*
6;6;1;3;1;1.76;l;/
7;7;2;1;1.78;1;l;!
8;8;1;3;1;1.43;l; 
9;9;2;2;1.1;1.1;l;!
10;10;3;3;2.28;1.67;s-l;*
11;11;3;3;1.28;1.46;s;!
12;12;4;2;1.6;1.37;s-l;!
13;13;5;4;2.96;2.34;s-l;*
14;14;5;4;3.18;2.48;s-l;*
15;15;4;7;1.6;4.14;s-l;*
16;16;4;5;2.43;2.72;s-l;*
17;17;3;2;1.48;1.1;l;!
18;18;1;3;1;2.04;l;/
19;19;2;4;2;1.41;s-l;!
20;20;2;2;2;1.17;s;!
21;21;1;4;1;1.64;s-l;*
22;22;2;3;2;1.87;s-l;*
23;23;1;3;1;1.77;s-l;*
24;24;1;2;1;1.78;s-l;*
25;25;1;2;1;1.78;s-l;*
26;26;1;2;1;1.1;l; 
27;27;1;2;1;1.1;l; 
28;28;1;1;1;1;l; 
29;29;1;2;1;1.31;l; 
30;30;1;1;1;1;l; 
31;31;2;2;2;2;s-l;*
32;32;2;3;2;2.14;s;/
33;33;3;3;2.8;1.29;s;!
34;34;2;6;2;3.12;s-l;*
35;35;2;4;2;2.35;l;/
36;36;2;3;2;2.8;s-l;*
37;37;3;6;2.55;3.98;s-l;*
38;38;1;6;1;3.82;s-l;*
39;39;2;5;2;3.33;s-l;*
40;40;2;6;2;3.57;l;/
41;41;3;7;2.29;3.56;l;/
42;42;2;5;2;4.3;s-l;*
43;43;2;2;2;2;s;/
44;44;1;2;1;1.84;s-l;*
45;45;1;2;1;1.37;s; 
46;46;2;2;2;1.81;s;/
47;47;2;4;2;2.41;s-l;*
48;48;1;6;1;3.72;s-l;*
49;49;1;3;1;1.66;s-l;*
50;50;1;3;1;2.28;l;/
51;51;1;4;1;2.61;l;/
52;52;1;2;1;1.17;l; 
53;53;1;2;1;1.1;l; 
54;54;1;3;1;1.98;s-l;*
55;55;2;2;2;1.24;s-l;!
56;56;2;2;2;1.37;s;!
57;57;3;4;2.61;1.71;s-l;*
58;58;2;3;2;2.01;s-l;*
59;59;1;4;1;3.17;s-l;*
60;60;2;5;2;2.94;s-l;*
61;61;2;2;2;1.1;l;!
62;62;2;3;2;1.56;s-l;*
63;63;4;2;3.14;1.67;s-l;*
64;64;1;3;1;2.48;s;/
65;65;1;2;1;1.31;s; 
66;66;2;4;2;2.93;s-l;*
67;67;3;2;2.78;1.8;l;/
68;68;2;1;2;1;l;!
69;69;2;2;2;1.73;l;/
70;70;1;4;1;2.61;s;/
71;71;2;3;2;1.36;s-l;!
72;72;2;4;2;2.5;s-l;*
73;73;2;2;2;2;s-l;*
74;74;1;4;1;2.56;s-l;*
75;75;2;3;2;2.78;s;/
76;76;2;2;2;1.17;s;!
77;77;2;2;2;1.58;s;/
78;78;1;2;1;1.58;s-l;*
79;79;2;4;2;1.99;l;/
80;80;1;4;1;1.68;s-l;*
81;81;1;2;1;1.17;l; 
82;82;2;1;2;1;l;!
83;83;1;4;1;2.37;s-l;*
84;84;1;1;1;1;s; 
85;85;2;3;2;1.29;s-l;!
86;86;1;3;1;1.94;s-l;*
87;87;1;2;1;1.53;l;/
88;88;1;2;1;1.31;l; 
89;89;2;2;2;1.78;l;/
90;90;1;5;1;4.21;h-l;*
91;91;1;5;1;3.26;h-l;*
92;92;2;5;2;3.8;h-l;*
93;93;2;7;2;4.53;h-l;*
94;94;1;2;1;1.1;l; 
95;95;3;3;2.74;1.56;s-l;*
96;96;2;3;2;2.48;s;/
97;97;1;3;1;1.53;s-l;*
98;98;1;3;1;2.03;s-l;*
99;99;2;0;2;0;-;!
