aligned.pos;pdb.3QKD_A.pos;nbr.AA;nbr.SL;neqAA;neqSL;SS;signif
1;-;1;0;0;0;-; 
2;-;2;0;0;0;-; 
3;-;2;6;0;0;-; 
4;-;4;8;0;0;-; 
5;-;5;11;0;0;-; 
6;-;2;13;1.06;0;-;!
7;-;1;11;1;0;-; 
8;-;1;13;1;8.83;h-l;*
9;4;1;15;1;8.1;l-h-s;*
10;5;1;11;1;5.49;h-l;*
11;6;1;5;1;2.85;h-l;*
12;7;1;5;1;2.23;h-l;*
13;8;1;5;1;2.39;h-l;*
14;9;1;5;1;2.81;h-l;*
15;10;1;5;1;2.81;h-l;*
16;11;1;6;1;3.08;h-l;*
17;12;1;5;1;2.9;h-l;*
18;13;1;5;1;2.8;h-l;*
19;14;1;5;1;1.65;h-l;*
20;15;1;5;1;2.14;h-l;*
21;16;1;4;1;2.44;h;/
22;17;1;5;1;2.3;h-l;*
23;18;1;5;1;1.93;h-l;*
24;19;1;6;1;2.99;h-l;*
25;20;1;5;1;3.13;h-l;*
26;21;1;2;1;1.04;l; 
27;22;1;3;1;1.82;l;/
28;23;1;9;1;3.94;s-l;*
29;24;2;9;1.11;2;s-l;*
30;25;3;8;1.09;2.62;s-l;*
31;26;4;11;1.14;3.34;l-h-s;*
32;27;2;5;0;0;-; 
33;28;5;2;0;0;-; 
34;-;4;2;0;0;-; 
35;-;3;2;0;0;-; 
36;-;2;1;0;0;-; 
37;-;3;3;0;0;-; 
38;-;3;6;0;0;-; 
39;83;2;11;1.58;4.84;h-l;*
40;84;3;10;1.64;4.24;h-l;*
41;85;1;5;1;3.22;h-l;*
42;86;1;6;1;2.67;h-l;*
43;87;1;7;1;2.6;h-l;*
44;88;1;6;1;3.07;h-l;*
45;89;1;5;1;2.46;h-l;*
46;90;1;5;1;2.03;h-l;*
47;91;1;5;1;2.27;h-l;*
48;92;2;5;1.04;2.54;h-l;*
49;93;1;5;1;2.4;h-l;*
50;94;1;5;1;1.75;h-l;*
51;95;1;5;1;1.9;h-l;*
52;96;1;4;1;1.99;h;/
53;97;2;5;1.04;2.59;h-l;*
54;98;1;6;1;2.88;h-l;*
55;99;1;8;1;4.65;h-l;*
56;100;1;8;1;5.2;h-l;*
57;101;1;8;1;3.6;h-l;*
58;102;1;13;1;4.23;l-h-s;*
59;103;1;12;1;6.59;h-l;*
60;104;1;13;1;7.2;h-l;*
61;105;1;11;1;8.98;h-l;*
62;106;1;20;1;12.2;l-h-s;*
63;107;1;13;1;9.59;h-l;*
64;108;1;13;1;9.62;h-l;*
65;109;2;11;1.04;6.37;h-l;*
66;110;1;12;1;7.21;h-l;*
67;111;1;11;1;7.27;h-l;*
68;112;1;13;1;6.47;h-l;*
69;113;2;14;1.04;5.86;s-l;*
70;114;1;10;1;4.57;s-l;*
71;115;1;8;1;2.31;s-l;*
72;116;1;5;1;1.7;l;/
73;117;1;10;1;3.91;h-l;*
74;118;1;8;1;4.4;l;/
75;119;1;7;1;3.59;s-l;*
76;120;1;9;1;3.8;h-l;*
77;121;1;7;1;4.11;h-l;*
78;122;1;6;1;2.62;h-l;*
79;123;1;7;1;3.37;h-l;*
80;124;1;7;1;4.47;h-l;*
81;125;1;7;1;4.53;h-l;*
82;126;1;7;1;4.1;h-l;*
83;127;1;6;1;4.19;h-l;*
84;128;1;7;1;4.21;h-l;*
85;129;1;7;1;3.36;h-l;*
86;130;1;6;1;4.3;h-l;*
87;131;1;4;1;2.17;h-l;*
88;132;1;2;1;1.23;l; 
89;133;1;5;1;2.18;h-l;*
90;134;1;2;1;1.37;l; 
91;135;1;4;1;2;s-l;*
92;136;1;3;1;1.24;s-l; 
93;137;2;1;1.04;1;l;!
94;138;1;5;1;3.84;h-l;*
95;139;1;5;1;2.04;h-l;*
96;140;1;4;1;1.62;h-l;*
97;141;1;3;1;1.75;h-l;*
98;142;2;4;1.04;1.84;h-l;*
99;143;1;5;1;2.33;h-l;*
100;144;1;5;1;2.4;h-l;*
101;145;1;4;1;1.72;h;/
102;146;2;4;1.04;1.45;h;!
103;147;1;4;1;1.53;h;/
104;148;1;4;1;1.56;h;/
105;149;1;5;1;1.62;h-l;*
106;150;1;5;1;1.47;h-l; 
107;151;1;6;1;2.32;h-l;*
108;152;1;6;1;2.5;h-l;*
109;153;1;6;1;1.88;h-l;*
110;154;1;6;1;2.57;h-l;*
111;155;1;6;1;2.82;h-l;*
112;156;1;6;1;2.76;h-l;*
113;157;1;7;1;4.49;h-l;*
114;158;2;5;1.18;1.28;h-l;!
115;159;1;7;1;2.17;h-l;*
116;160;1;4;1;1.88;h-l;*
117;161;1;4;1;2.07;h-l;*
118;162;1;5;1;2.5;h-l;*
119;163;1;5;1;1.6;h-l;*
120;164;1;7;1;2.6;h-l;*
121;165;1;6;1;2.98;h-l;*
122;166;1;6;1;2.45;h-l;*
123;167;1;5;1;1.56;h-l;*
124;168;2;5;1.04;1.72;h-l;*
125;169;1;4;1;1.52;h;/
126;170;1;4;1;2.01;h;/
127;171;1;4;1;2.08;h;/
128;172;1;4;1;1.95;h;/
129;173;1;4;1;2.04;h;/
130;174;1;5;1;2.24;h-l;*
131;175;1;7;1;2.59;h-l;*
132;176;1;2;1;1.9;l;/
133;177;1;3;1;1.08;l; 
134;178;1;4;1;1.16;l; 
135;179;1;4;1;1.34;l; 
136;180;1;4;1;2.36;h-l;*
137;181;1;7;1;2.65;h-l;*
138;182;1;6;1;3.07;h-l;*
139;183;1;7;1;3.4;h-l;*
140;184;1;6;1;4.81;h-l;*
141;185;1;7;1;2.34;h-l;*
142;186;1;2;1;1.45;l; 
143;187;1;1;1;1;l; 
144;188;1;3;1;1.96;l;/
145;189;2;3;1.18;1.46;h-l;!
146;190;1;6;1;2.39;h-l;*
147;191;1;6;1;2.39;h-l;*
148;192;1;7;1;2.63;h-l;*
149;193;1;6;1;3.07;h-l;*
150;194;1;6;1;3.23;h-l;*
151;195;1;7;1;3.02;h-l;*
152;196;1;11;1;0;-; 
153;197;1;12;1;0;-; 
154;-;1;10;0;0;-; 
155;-;1;10;0;0;-; 
156;-;1;9;0;0;-; 
157;-;1;6;0;0;-; 
158;-;1;3;0;0;-; 
159;-;1;3;0;0;-; 
160;-;1;5;0;0;-; 
161;-;1;4;0;0;-; 
162;-;1;4;0;0;-; 
163;-;1;2;0;0;-; 
164;-;1;0;0;0;-; 
